Parent,Child
Wise,Wise-Classics
Wise-Classics,Wise-Classics-ArchiveClassicsOld
Wise-Classics,Wise-Classics-GeneralStudentInformation
Wise-Classics,Wise-Classics-HandbooksClassics
Wise-Classics,Wise-Classics-ItInformation
Wise-Classics,Wise-Classics-LectureCapture
Wise-Classics,Wise-Classics-OxlatLatinTeachingScheme
Wise-Classics,Wise-Classics-PostgraduateCourses
Wise-Classics,Wise-Classics-TeachingLearningMaterials
Wise-Classics,Wise-Classics-Tutors
Wise-Classics,Wise-Classics-Staff
Wise-Classics,Wise-Classics-UndergraduateCourses
Wise-Classics-Tutors,Wise-Classics-Tutors-EdBispham
Wise-Classics-Tutors,Wise-Classics-Tutors-JonathanPrag
Wise-Classics-Tutors,Wise-Classics-Tutors-MatthewRobinson
Wise-Classics-Tutors,Wise-Classics-Tutors-NicholasPurcell
Wise-Classics-Tutors,Wise-Classics-Tutors-RebeccaArmstrong
Wise-Classics-Tutors,Wise-Classics-Tutors-RichardRutherford
Wise-Classics-Tutors,Wise-Classics-Tutors-TeresaMorgan
Wise-Classics-LectureCapture,Wise-Classics-LectureCapture-AncientHistoryCa
Wise-Classics-LectureCapture,Wise-Classics-LectureCapture-LateAntiqueByzantine
Wise-Classics-LectureCapture,Wise-Classics-LectureCapture-SpecialGeneral
Wise-Classics-LectureCapture,Wise-Classics-LectureCapture-TextsContexts
Wise-Classics-LectureCapture-AncientHistoryCa,Wise-Classics-LectureCapture-AncientHistoryCa-AncientHistory
Wise-Classics-LectureCapture-AncientHistoryCa,Wise-Classics-LectureCapture-AncientHistoryCa-ClassicalArchaeology
Wise,Wise-Sias
Wise-Sias,Wise-Sias-AfricanStudies
Wise-Sias,Wise-Sias-LatinAmericanCentre
Wise-Sias,Wise-Sias-MscContemporaryChineseStudies
Wise-Sias,Wise-Sias-MscContemporaryIndia
Wise-Sias,Wise-Sias-Rees
Wise-Sias,Wise-Sias-NissanInstituteJapaneseStudies
Wise-Sias,Wise-Sias-ResearchMethods
Wise-Sias-Rees,Wise-Sias-Rees-PressGroup
Wise-Sias-Rees,Wise-Sias-Rees-Rees-AdminNew
Wise-Sias-Rees,Wise-Sias-Rees-RussianLevel1
Wise-Sias-Rees,Wise-Sias-Rees-RussianLevel2
Wise-Sias-Rees,Wise-Sias-Rees-RussianLevel3
Wise-Sias-AfricanStudies,Wise-Sias-AfricanStudies-AlumniAfricanStudies
Wise-Sias-LatinAmericanCentre,Wise-Sias-LatinAmericanCentre-Admissions
Wise,Wise-Archaeology
Wise-Archaeology,Wise-Archaeology-BAA&A
Wise-Archaeology,Wise-Archaeology-InformationforGraduates
Wise-Archaeology,Wise-Archaeology-InformationforUndergraduates
Wise-Archaeology,Wise-Archaeology-PostgraduateTaughtCourses
Wise-Archaeology,Wise-Archaeology-Research Degrees
Wise-Archaeology,Wise-Archaeology-Research Degrees
Wise-Archaeology-InformationforGraduates,Wise-Archaeology-InformationforGraduates-InfoforGraduateTutors
Wise-Archaeology-InformationforGraduates,Wise-Archaeology-InformationforGraduates-MastersOptions
Wise,Wise-History
Wise-History,Wise-History-Undergraduate
Wise-History,Wise-History-StaffHis
Wise-History,Wise-History-DPhil
Wise-History,Wise-History-Masters
Wise-History,Wise-History-HistoryofArt
Wise-History,Wise-History-BodHistoryFacultyLibrary
Wise-History-Undergraduate,Wise-History-Undergraduate-FHSYrs2&3
Wise-History-Undergraduate,Wise-History-Undergraduate-GeneralInformation
Wise-History-Undergraduate,Wise-History-Undergraduate-JointSchools
Wise-History-Undergraduate,Wise-History-Undergraduate-PrelimsYear1