"Node.id","Name","Lesson.tools.info","shape","color","size"
"Wise","Wise","n/a","landing","wise","n/a"
"Classics","Classics","0","landing","Classics","8.3"
"Classics-Staff","Staff","0","Information","Classics","1.55"
"ArchiveClassicsOld","Archive Classics Old","8","Information","Classics","1.17"
"HandbooksClassics","Handbooks Classics","4","Information","Classics","0.05"
"ItInformation","IT Information","1","Information","Classics","0.07"
"OxlatLatinTeachingScheme","Ox LatLatin Teaching Scheme","0","teaching","Classics","0.03"
"PostgraduateCourses","Postgraduate Courses","4","teaching","Classics","7"
"GeneralStudentInformation","General Student Information","6","Information","Classics","0.21"
"TeachingLearningMaterials","Teaching Learning Materials","6","teaching","Classics","3.56"
"UndergraduateCourses","Undergraduate Courses","0","teaching","Classics","1.68"
"Classics-Tutors","Tutors","1","staff","Classics","1.72"
"EdBispham","EdBispham","6","Information","Classics","2.39"
"JonathanPrag","JonathanPrag","0","tutor","Classics","0.06"
"MatthewRobinson","MatthewRobinson","0","tutor","Classics","0.03"
"NicholasPurcell","NicholasPurcell","0","tutor","Classics","0.09"
"RebeccaArmstrong","RebeccaArmstrong","0","tutor","Classics","0.05"
"RichardRutherford","RichardRutherford","0","tutor","Classics","0.25"
"TeresaMorgan","TeresaMorgan","0","tutor","Classics","0.04"
"LectureCapture","LectureCapture","0","tutor","Classics","0.04"
"AncientHistoryCa","Ancient History","0","LectureCapture","Classics","0"
"LateAntiqueByzantine","Late Antique Byzantine","0","LectureCapture","Classics","0.04"
"SpecialGeneral","Special General","0","LectureCapture","Classics","0.11"
"TextsContexts","Texts Contexts","0","LectureCapture","Classics","0.14"
"AncientHistory","Ancient History","0","LectureCapture","Classics","0.21"
"ClassicalArchaeology","Classical Archaeology","0","LectureCapture","Classics","0.34"
"Sias","Sias","2","landing","Sias",NA
"AfricanStudies","African Studies","5",NA,"Sias",NA
"LatinAmericanCentre","Latin American Centre","7",NA,"Sias",NA
"MscContemporaryChineseStudies","Msc Contemporary Chinese Studies","3",NA,"Sias",NA
"MscContemporaryIndia","Msc Contemporary India","1",NA,"Sias",NA
"Rees","Rees","1",NA,"Sias",NA
"NissanInstituteJapaneseStudies","Nissan Institute Japanese Studies","1",NA,"Sias",NA
"ResearchMethods","Research Methods","1",NA,"Sias",NA
"ChinaTwentiethCenturyFilm","China Twentieth Century Film","0",NA,"Sias",NA
"ChinaEconomicReforms","China Economic Reforms","1",NA,"Sias",NA
"ChineseLawSociety","Chinese Law Society","1",NA,"Sias",NA
"HistoriographyChina","Historiography China","1",NA,"Sias",NA
"IntermediateChineseLanguageSocialScientists","Intermediate Chinese Language Social Scientists","2",NA,"Sias",NA
"InternationalRelations","International Relations","1",NA,"Sias",NA
"PoliticsGovernment","Politics Government","9",NA,"Sias",NA
"SociologyChina","Sociology China","8",NA,"Sias",NA
"StudyContemporaryChina","Study Contemporary China","9",NA,"Sias",NA
"ModernChineseArt","Modern Chinese Art","7",NA,"Sias",NA
"PressGroup","Press Group","0",NA,"Sias",NA
"AdminNew","Admin New","2",NA,"Sias",NA
"RussianLevel1","Russian Level1","1",NA,"Sias",NA
"RussianLevel2","Russian Level2","1",NA,"Sias",NA
"RussianLevel3","Russian Level3","1",NA,"Sias",NA
"AlumniAfricanStudies","Alumni African Studies","1",NA,"Sias",NA
"Admissions","Admissions","0",NA,"Sias",NA
"Archaeology","Archaeology","2","landing","Archaeology",NA
"BAA&A","BAA&A","5","teaching","Archaeology",NA
"InformationforGraduates","Information for Graduates","0","teaching","Archaeology",NA
"InformationforUndergraduates","Information for Undergraduates","0","teaching","Archaeology",NA
"PostgraduateTaughtCourses","Postgraduate Taught Courses","3","teaching","Archaeology",NA
"ResearchDegrees","Research Degrees","3","teaching","Archaeology",NA
"StaffPages","Staff Pages","3","staff","Archaeology",NA
"InfoforGraduateTutors","Info for Graduate Tutors","0","teaching","Archaeology",NA
"MastersOptions","Masters Options","0","teaching","Archaeology",NA
"AnthropologyOptionalPapers","Anthropology Optional Papers","0","teaching","Archaeology",NA
"ArchaeologyOptionalPapers","Archaeology Optional Papers","0","teaching","Archaeology",NA
"FinalHonourSchool","Final Honour School","0","teaching","Archaeology",NA
"HonourModerations","Honour Moderations","0","teaching","Archaeology",NA
"MedicalAnthropology","Medical Anthropology","0","teaching","Archaeology",NA
"History","History","1","landing","History",NA
"Undergraduate","Undergraduate","1",NA,"History",NA
"StaffHis","StaffHis","1",NA,"History",NA
"DPhil","DPhil","1",NA,"History",NA
"Masters","Masters","12",NA,"History",NA
"HistoryofArt","History of Art","0",NA,"History",NA
"BodHistoryFacultyLibrary","Bod History Faculty Library","0",NA,"History",NA
"FHSYrs2&3","FHSYrs2&3","1",NA,"History",NA
"GeneralInformation","General Information","1",NA,"History",NA
"JointSchools","Joint Schools","1",NA,"History",NA
"PrelimsYear1","PrelimsYear1","1",NA,"History",NA
"DisciplinesHistory","Disciplines History","1",NA,"History",NA
"FurtherSubjects","FurtherSubjects","40",NA,"History",NA
"GeneralHistory","General History","23",NA,"History",NA
"SpecialSubjects","SpecialSubjects","32",NA,"History",NA
"Thesis","Thesis","1",NA,"History",NA
"EuropeanandWorldHistory","EuropeanandWorldHistory","5",NA,"History",NA
"HistoryBritishIsles","History British Isles","8",NA,"History",NA
"OptionalSubjects","OptionalSubjects","22",NA,"History",NA
"PaperIV","PaperIV","11",NA,"History",NA
"LectureRecordings","LectureRecordings","0","LectureCapture","History",NA
"SPI","SPI","2","landing","Spi",NA
"DSPICommittees","DSPI Committees","1",NA,"Spi",NA
"DSPIStaff","DSPI Staff","3",NA,"Spi",NA
"DSPIStudents","DSPI Students","1",NA,"Spi",NA
"EvidenceBasedSocialInterventionpolicyEvaluation","Evidence Based Social Intervention Policy Evaluation","1",NA,"Spi",NA
"GeneralInformationSPI","General Information SPI","2",NA,"Spi",NA
"MScMPhilComparativeSocialPolicy","MSc Mphil Comparative Social Policy","1",NA,"Spi",NA
"SocialPolicyUGOption","Social Policy UG Option","1",NA,"Spi",NA
"SocialPolicySocialIntervention","Social Policy Social Intervention","1",NA,"Spi",NA
