"Parent","Child"
"Wise","Classics"
"Classics","Classics-Staff"
"Classics","ArchiveClassicsOld"
"Classics","HandbooksClassics"
"Classics","ItInformation"
"Classics","OxlatLatinTeachingScheme"
"Classics","PostgraduateCourses"
"Classics","GeneralStudentInformation"
"Classics","TeachingLearningMaterials"
"Classics","UndergraduateCourses"
"Classics","Classics-Tutors"
"Classics-Tutors","EdBispham"
"Classics-Tutors","JonathanPrag"
"Classics-Tutors","MatthewRobinson"
"Classics-Tutors","NicholasPurcell"
"Classics-Tutors","RebeccaArmstrong"
"Classics-Tutors","RichardRutherford"
"Classics-Tutors","TeresaMorgan"
"Classics","LectureCapture"
"LectureCapture","AncientHistoryCa"
"LectureCapture","LateAntiqueByzantine"
"LectureCapture","SpecialGeneral"
"LectureCapture","TextsContexts"
"AncientHistoryCa","AncientHistory"
"AncientHistoryCa","ClassicalArchaeology"
"Wise","Sias"
"Sias","AfricanStudies"
"Sias","LatinAmericanCentre"
"Sias","MscContemporaryChineseStudies"
"Sias","MscContemporaryIndia"
"Sias","Rees"
"Sias","NissanInstituteJapaneseStudies"
"Sias","ResearchMethods"
"MscContemporaryChineseStudies","ChinaTwentiethCenturyFilm"
"MscContemporaryChineseStudies","ChinaEconomicReforms"
"MscContemporaryChineseStudies","ChineseLawSociety"
"MscContemporaryChineseStudies","HistoriographyChina"
"MscContemporaryChineseStudies","IntermediateChineseLanguageSocialScientists"
"MscContemporaryChineseStudies","InternationalRelations"
"MscContemporaryChineseStudies","PoliticsGovernment"
"MscContemporaryChineseStudies","SociologyChina"
"MscContemporaryChineseStudies","StudyContemporaryChina"
"MscContemporaryChineseStudies","ModernChineseArt"
"Rees","PressGroup"
"Rees","AdminNew"
"Rees","RussianLevel1"
"Rees","RussianLevel2"
"Rees","RussianLevel3"
"AfricanStudies","AlumniAfricanStudies"
"LatinAmericanCentre","Admissions"
"Wise","Archaeology"
"Archaeology","BAA&A"
"Archaeology","InformationforGraduates"
"Archaeology","InformationforUndergraduates"
"Archaeology","PostgraduateTaughtCourses"
"Archaeology","ResearchDegrees"
"Archaeology","StaffPages"
"InformationforGraduates","InfoforGraduateTutors"
"InformationforGraduates","MastersOptions"
"InformationforUndergraduates","AnthropologyOptionalPapers"
"InformationforUndergraduates","ArchaeologyOptionalPapers"
"InformationforUndergraduates","FinalHonourSchool"
"InformationforUndergraduates","HonourModerations"
"InformationforUndergraduates","MedicalAnthropology"
"Wise","History"
"History","Undergraduate"
"History","StaffHis"
"History","DPhil"
"History","Masters"
"History","HistoryofArt"
"History","BodHistoryFacultyLibrary"
"Undergraduate","FHSYrs2&3"
"Undergraduate","GeneralInformation"
"Undergraduate","JointSchools"
"Undergraduate","PrelimsYear1"
"FHSYrs2&3","DisciplinesHistory"
"FHSYrs2&3","FurtherSubjects"
"FHSYrs2&3","GeneralHistory"
"FHSYrs2&3","HistoryBritishIsles"
"FHSYrs2&3","SpecialSubjects"
"FHSYrs2&3","Thesis"
"PrelimsYear1","EuropeanandWorldHistory"
"PrelimsYear1","HistoryBritishIsles"
"PrelimsYear1","OptionalSubjects"
"PrelimsYear1","PaperIV"
"DisciplinesHistory","LectureRecordings"
"Wise","SPI"
"SPI","DSPICommittees"
"SPI","DSPIStaff"
"SPI","DSPIStudents"
"DSPIStudents","EvidenceBasedSocialInterventionpolicyEvaluation"
"DSPIStudents","GeneralInformationSPI"
"DSPIStudents","MScMPhilComparativeSocialPolicy"
"DSPIStudents","SocialPolicyUGOption"
"DSPIStudents","SocialPolicySocialIntervention"
