Parent,Child,Lessontool (node number),users,PageViews,proportion (node size),typeofsite (node shape),site (node color),Filter,Rollover (Node)
Wise,Wise-Classics,0,913,7578,8.30,landing,Classics,site,"any text, only available when filter =site"
Wise-Classics,Wise-Classics-ArchiveClassicsOld,0,993,1537,1.55,Information,Classics,typeofsite,
Wise-Classics,Wise-Classics-GeneralStudentInformation,8,1016,1184,1.17,Information,Classics,Lessontool,
Wise-Classics,Wise-Classics-HandbooksClassics,4,30000,1600,0.05,Information,Classics,users,
Wise-Classics,Wise-Classics-ItInformation,1,1006,70,0.07,Information,Classics,,
Wise-Classics,Wise-Classics-LectureCapture,0,30000,783,0.03,teaching,Classics,,
Wise-Classics,Wise-Classics-OxlatLatinTeachingScheme,4,38,266,7.00,teaching,Classics,,
Wise-Classics,Wise-Classics-PostgraduateCourses,6,1018,210,0.21,Information,Classics,,
Wise-Classics,Wise-Classics-TeachingLearningMaterials,6,1087,3866,3.56,teaching,Classics,,
Wise-Classics,Wise-Classics-Tutors,0,186,312,1.68,teaching,Classics,,
Wise-Classics,Wise-Classics-Staff,1,138,237,1.72,staff,Classics,,
Wise-Classics,Wise-Classics-UndergraduateCourses,6,1016,2433,2.39,Information,Classics,,
Wise-Classics-Tutors,Wise-Classics-Tutors-EdBispham,0,557,35,0.06,teaching,Classics,,
Wise-Classics-Tutors,Wise-Classics-Tutors-JonathanPrag,0,1671,45,0.03,teaching,Classics,,
Wise-Classics-Tutors,Wise-Classics-Tutors-MatthewRobinson,0,937,82,0.09,teaching,Classics,,
Wise-Classics-Tutors,Wise-Classics-Tutors-NicholasPurcell,0,729,40,0.05,teaching,Classics,,
Wise-Classics-Tutors,Wise-Classics-Tutors-RebeccaArmstrong,0,4,1,0.25,teaching,Classics,,
Wise-Classics-Tutors,Wise-Classics-Tutors-RichardRutherford,0,817,35,0.04,teaching,Classics,,
Wise-Classics-Tutors,Wise-Classics-Tutors-TeresaMorgan,0,615,26,0.04,teaching,Classics,,
Wise-Classics-LectureCapture,Wise-Classics-LectureCapture-AncientHistoryCa,0,30000,24,0.00,LectureCappture,Classics,,
Wise-Classics-LectureCapture,Wise-Classics-LectureCapture-LateAntiqueByzantine,0,1154,44,0.04,LectureCappture,Classics,,
Wise-Classics-LectureCapture,Wise-Classics-LectureCapture-SpecialGeneral,0,1163,127,0.11,LectureCappture,Classics,,
Wise-Classics-LectureCapture,Wise-Classics-LectureCapture-TextsContexts,0,1015,140,0.14,LectureCappture,Classics,,
Wise-Classics-LectureCapture-AncientHistoryCa,Wise-Classics-LectureCapture-AncientHistoryCa-AncientHistory,0,1148,245,0.21,LectureCappture,Classics,,
Wise-Classics-LectureCapture-AncientHistoryCa,Wise-Classics-LectureCapture-AncientHistoryCa-ClassicalArchaeology,0,1141,393,0.34,LectureCappture,Classics,,
Wise,Wise-Sias,,,,,,Sias,,
Wise-Sias,Wise-Sias-AfricanStudies,,,,,,Sias,,
Wise-Sias,Wise-Sias-LatinAmericanCentre,,,,,,Sias,,
Wise-Sias,Wise-Sias-MscContemporaryChineseStudies,,,,,,Sias,,
Wise-Sias,Wise-Sias-MscContemporaryIndia,,,,,,Sias,,
Wise-Sias,Wise-Sias-Rees,,,,,,Sias,,
Wise-Sias,Wise-Sias-NissanInstituteJapaneseStudies,,,,,,Sias,,
Wise-Sias,Wise-Sias-ResearchMethods,,,,,,Sias,,
Wise-Sias-Rees,Wise-Sias-Rees-PressGroup,,,,,,Sias,,
Wise-Sias-Rees,Wise-Sias-Rees-Rees-AdminNew,,,,,,Sias,,
Wise-Sias-Rees,Wise-Sias-Rees-RussianLevel1,,,,,,Sias,,
Wise-Sias-Rees,Wise-Sias-Rees-RussianLevel2,,,,,,Sias,,
Wise-Sias-Rees,Wise-Sias-Rees-RussianLevel3,,,,,,Sias,,
Wise-Sias-AfricanStudies,Wise-Sias-AfricanStudies-AlumniAfricanStudies,,,,,,Sias,,
Wise-Sias-LatinAmericanCentre,Wise-Sias-LatinAmericanCentre-Admissions,,,,,,Sias,,
Wise,Wise-Archaeology,0,,,,,Archaeology,,
Wise-Archaeology,Wise-Archaeology-BAA&A,,,,,,Archaeology,,
Wise-Archaeology,Wise-Archaeology-InformationforGraduates,,,,,,Archaeology,,
Wise-Archaeology,Wise-Archaeology-InformationforUndergraduates,,,,,,Archaeology,,
Wise-Archaeology,Wise-Archaeology-PostgraduateTaughtCourses,,,,,,Archaeology,,
Wise-Archaeology,Wise-Archaeology-Research Degrees,,,,,,Archaeology,,
Wise-Archaeology,Wise-Archaeology-Research Degrees,,,,,,Archaeology,,
Wise-Archaeology-InformationforGraduates,Wise-Archaeology-InformationforGraduates-InfoforGraduateTutors,,,,,,Archaeology,,
Wise-Archaeology-InformationforGraduates,Wise-Archaeology-InformationforGraduates-MastersOptions,,,,,,Archaeology,,
Wise,Wise-History,0,,,,,History,,
Wise-History,Wise-History-Undergraduate,,,,,,History,,
Wise-History,Wise-History-StaffHis,,,,,,History,,
Wise-History,Wise-History-DPhil,,,,,,History,,
Wise-History,Wise-History-Masters,,,,,,History,,
Wise-History,Wise-History-HistoryofArt,,,,,,History,,
Wise-History,Wise-History-BodHistoryFacultyLibrary,,,,,,History,,
Wise-History-Undergraduate,Wise-History-Undergraduate-FHSYrs2&3,,,,,,History,,
Wise-History-Undergraduate,Wise-History-Undergraduate-GeneralInformation,,,,,,History,,
Wise-History-Undergraduate,Wise-History-Undergraduate-JointSchools,,,,,,History,,
Wise-History-Undergraduate,Wise-History-Undergraduate-PrelimsYear1,,,,,,History,,
