"Parent","Child","NA."
"Wise","Wise-Classics",NA
"Wise","Wise-Sias",NA
"Wise","Wise-Rees",NA
"Wise-Classics","Wise-Classics-ArchiveClassicsOld",NA
"Wise-Classics","Wise-Classics-GeneralStudentInformation",NA
"Wise-Classics","Wise-Classics-HandbooksClassics",NA
"Wise-Classics","Wise-Classics-ItInformation",NA
"Wise-Classics","Wise-Classics-LectureCapture",NA
"Wise-Classics","Wise-Classics-OxlatLatinTeachingScheme",NA
"Wise-Classics","Wise-Classics-PostgraduateCourses",NA
"Wise-Classics","Wise-Classics-OxlatLatinTeachingScheme",NA
"Wise-Classics","Wise-Classics-TeachingLearningMaterials",NA
"Wise-Classics","Wise-Classics-Tutors",NA
"Wise-Classics","Wise-Classics-Staff",NA
"Wise-Classics","Wise-Classics-UndergraduateCourses",NA
"Wise-Classics-Tutors","Wise-Classics-Tutors-EdBispham",NA
"Wise-Classics-Tutors","Wise-Classics-Tutors-JonathanPrag",NA
"Wise-Classics-Tutors","Wise-Classics-Tutors-MatthewRobinson",NA
"Wise-Classics-Tutors","Wise-Classics-Tutors-MelindaLetts",NA
"Wise-Classics-Tutors","Wise-Classics-Tutors-NicholasPurcell",NA
"Wise-Classics-Tutors","Wise-Classics-Tutors-RebeccaArmstrong",NA
"Wise-Classics-Tutors","Wise-Classics-Tutors-RichardRutherford",NA
"Wise-Classics-Tutors","Wise-Classics-Tutors-TeresaMorgan",NA
"Wise-Classics-LectureCapture","Wise-Classics-LectureCapture-AncientHistoryCa",NA
"Wise-Classics-LectureCapture","Wise-Classics-LectureCapture-LateAntiqueByzantine",NA
"Wise-Classics-LectureCapture","Wise-Classics-LectureCapture-SpecialGeneral",NA
"Wise-Classics-LectureCapture","Wise-Classics-LectureCapture-TextsContexts",NA
"Wise-Classics-LectureCapture-AncientHistoryCa","Wise-Classics-LectureCapture-AncientHistoryCa-AncientHistory",NA
"Wise-Classics-LectureCapture-AncientHistoryCa","Wise-Classics-LectureCapture-AncientHistoryCa-ClassicalArchaeology",NA
"Wise-Sias","Wise-Sias-AfricanStudies",NA
"Wise-Sias","Wise-Sias-LatinAmericanCentre",NA
"Wise-Sias","Wise-Sias-MscContemporaryChineseStudies",NA
"Wise-Sias","Wise-Sias-AfricanStudies-MscContemporaryIndia",NA
"Wise-Sias","Wise-Sias-AfricanStudies-Rees",NA
"Wise-Sias","Wise-Sias-AfricanStudies-NissanInstituteJapaneseStudies",NA
"Wise-Sias","Wise-Sias-AfricanStudies-ResearchMethods",NA
"Wise-Sias-Rees","Wise-Sias-Rees-PressGroup",NA
"Wise-Sias-Rees","Wise-Sias-Rees-Rees-AdminNew",NA
"Wise-Sias-Rees","Wise-Sias-Rees-RussianLevel1",NA
"Wise-Sias-Rees","Wise-Sias-Rees-RussianLevel2",NA
"Wise-Sias-Rees","Wise-Sias-Rees-RussianLevel3",NA
"Wise-Sias-AfricanStudies","Wise-Sias-AfricanStudies-AlumniAfricanStudies",NA
"Wise-Sias-LatinAmericanCentre","Wise-Sias-LatinAmericanCentre-Admissions",NA
